{"parent":"minecraft:item/handheld","textures":{"layer0":"minecraft:item/paper"},"overrides":[
  {"predicate":{"custom_model_data":1},"model":"item/items/vote_key"},
  {"predicate":{"custom_model_data":2},"model":"item/items/rare_key"},
  {"predicate":{"custom_model_data":3},"model":"item/items/legendary_key"},
  {"predicate":{"custom_model_data":4},"model":"item/items/mythical_key"},
  {"predicate":{"custom_model_data":5},"model":"item/items/coin_1"},
  {"predicate":{"custom_model_data":6},"model":"item/items/coin_2"},
  {"predicate":{"custom_model_data":7},"model":"item/items/coin_3"},
  {"predicate":{"custom_model_data":8},"model":"item/items/gems_1"},
  {"predicate":{"custom_model_data":9},"model":"item/items/gems_2"},
  {"predicate":{"custom_model_data":10},"model":"item/items/gems_3"},
  {"predicate":{"custom_model_data":11},"model":"item/items/claim_1"},
  {"predicate":{"custom_model_data":12},"model":"item/items/claim_2"},
  {"predicate":{"custom_model_data":13},"model":"item/items/claim_3"},
  {"predicate":{"custom_model_data":14},"model":"crates/vote_crate"},
  {"predicate":{"custom_model_data":15},"model":"crates/rare_crate"},
  {"predicate":{"custom_model_data":16},"model":"crates/legendary_crate"},
  {"predicate":{"custom_model_data":17},"model":"crates/mythical_crate"},
  {"predicate":{"custom_model_data":18},"model":"item/items/explorer_icon"},
  {"predicate":{"custom_model_data":19},"model":"item/items/voyager_icon"},
  {"predicate":{"custom_model_data":20},"model":"item/items/pilot_icon"},
  {"predicate":{"custom_model_data":21},"model":"item/items/astronaut_icon"},
  {"predicate":{"custom_model_data":22},"model":"item/items/martian_icon"},
  {"predicate":{"custom_model_data":23},"model":"item/items/exp_1"},
  {"predicate":{"custom_model_data":24},"model":"item/items/exp_2"},
  {"predicate":{"custom_model_data":25},"model":"item/items/exp_3"},
  {"predicate":{"custom_model_data":26},"model":"crates/xmas_crate"},
  {"predicate":{"custom_model_data":27},"model":"item/items/santa_hat"},
  {"predicate":{"custom_model_data":28},"model":"item/items/snowy_antlers"},
  {"predicate":{"custom_model_data":29},"model":"item/items/newyear_bottle"},
  {"predicate":{"custom_model_data":30},"model":"item/items/candy_cane"},
  {"predicate":{"custom_model_data":31},"model":"item/items/xmas_key"}

  ]}
