{
	"credit": "Made with Blockbench",
	"textures": {
		"0": "cosmetics/candy_cane",
		"particle": "cosmetics/candy_cane"
	},
	"elements": [
		{
			"from": [9, 0, 7],
			"to": [10, 10.1, 8],
			"faces": {
				"north": {"uv": [0, 0, 1, 10], "texture": "#0"},
				"east": {"uv": [0, 0, 1, 10], "texture": "#0"},
				"south": {"uv": [0, 0, 1, 10], "texture": "#0"},
				"west": {"uv": [0, 0, 1, 10], "texture": "#0"},
				"up": {"uv": [0, 0, 1, 1], "texture": "#0"},
				"down": {"uv": [0, 1, 1, 2], "texture": "#0"}
			}
		},
		{
			"from": [10.92893, -7.35685, 7.025],
			"to": [11.62893, -6.65685, 7.975],
			"rotation": {"angle": 45, "axis": "z", "origin": [1.92893, -5.65685, 0]},
			"faces": {
				"north": {"uv": [0, 0, 1, 1], "texture": "#0"},
				"east": {"uv": [0, 0, 1, 1], "texture": "#0"},
				"south": {"uv": [0, 0, 1, 1], "texture": "#0"},
				"west": {"uv": [0, 0, 1, 1], "texture": "#0"},
				"up": {"uv": [0, 0, 1, 1], "texture": "#0"},
				"down": {"uv": [0, 0, 1, 1], "texture": "#0"}
			}
		},
		{
			"from": [14.83047, 3.81984, 7.025],
			"to": [15.53047, 4.51984, 7.975],
			"rotation": {"angle": 45, "axis": "z", "origin": [5.83047, -3.48016, 0.025]},
			"faces": {
				"north": {"uv": [1, 0, 2, 1], "texture": "#0"},
				"east": {"uv": [1, 0, 2, 1], "texture": "#0"},
				"south": {"uv": [1, 0, 2, 1], "texture": "#0"},
				"west": {"uv": [1, 0, 2, 1], "texture": "#0"},
				"up": {"uv": [1, 0, 2, 1], "texture": "#0"},
				"down": {"uv": [1, 0, 2, 1], "texture": "#0"}
			}
		},
		{
			"from": [10, 0, 7.5],
			"to": [13, 10.1, 7.5],
			"faces": {
				"north": {"uv": [11, 0, 16, 16], "texture": "#0"},
				"east": {"uv": [0, 0, 1, 10], "texture": "#0"},
				"south": {"uv": [6, 0, 11, 16], "texture": "#0"},
				"west": {"uv": [0, 0, 1, 10], "texture": "#0"},
				"up": {"uv": [0, 0, 1, 10], "texture": "#0"},
				"down": {"uv": [0, 0, 1, 1], "texture": "#0"}
			}
		},
		{
			"from": [6.52753, 8.54065, 7],
			"to": [7.52753, 10.14065, 8],
			"rotation": {"angle": 0, "axis": "y", "origin": [1.52753, 1.14065, 0]},
			"faces": {
				"north": {"uv": [0, 1, 1, 3], "texture": "#0"},
				"east": {"uv": [0, 1, 1, 3], "texture": "#0"},
				"south": {"uv": [0, 1, 1, 3], "texture": "#0"},
				"west": {"uv": [0, 1, 1, 3], "texture": "#0"},
				"up": {"uv": [0, 0, 1, 1], "texture": "#0"},
				"down": {"uv": [0, 0, 1, 1], "texture": "#0"}
			}
		},
		{
			"from": [7.23463, 9.84776, 7],
			"to": [9.23463, 10.84776, 8],
			"rotation": {"angle": 0, "axis": "y", "origin": [2.23463, 1.84776, 0]},
			"faces": {
				"north": {"uv": [0, 0, 2, 1], "texture": "#0"},
				"east": {"uv": [0, 0, 1, 1], "texture": "#0"},
				"south": {"uv": [0, 0, 2, 1], "rotation": 180, "texture": "#0"},
				"west": {"uv": [0, 0, 1, 1], "texture": "#0"},
				"up": {"uv": [0, 0, 1, 2], "rotation": 90, "texture": "#0"},
				"down": {"uv": [0, 0, 1, 2], "rotation": 90, "texture": "#0"}
			}
		},
		{
			"from": [4.96382, 1.06565, 7.025],
			"to": [6.21382, 2.14065, 7.975],
			"rotation": {"angle": 45, "axis": "z", "origin": [-2.78618, 10.14065, 0]},
			"faces": {
				"north": {"uv": [0, 1, 1, 2], "rotation": 270, "texture": "#0"},
				"east": {"uv": [0, 1, 1, 2], "rotation": 90, "texture": "#0"},
				"south": {"uv": [0, 1, 1, 2], "rotation": 90, "texture": "#0"},
				"west": {"uv": [0, 1, 1, 2], "rotation": 90, "texture": "#0"},
				"up": {"uv": [0, 1, 1, 2], "rotation": 90, "texture": "#0"},
				"down": {"uv": [0, 1, 1, 2], "rotation": 90, "texture": "#0"}
			}
		},
		{
			"from": [10.25545, 1.14065, 7.025],
			"to": [11.50545, 2.14065, 7.975],
			"rotation": {"angle": -45, "axis": "z", "origin": [19.25545, 10.14065, 0]},
			"faces": {
				"north": {"uv": [0, 0, 1, 1], "rotation": 270, "texture": "#0"},
				"east": {"uv": [0, 0, 1, 1], "rotation": 90, "texture": "#0"},
				"south": {"uv": [0, 0, 1, 1], "rotation": 90, "texture": "#0"},
				"west": {"uv": [0, 0, 1, 1], "rotation": 90, "texture": "#0"},
				"up": {"uv": [0, 0, 1, 1], "rotation": 90, "texture": "#0"},
				"down": {"uv": [0, 0, 1, 1], "rotation": 90, "texture": "#0"}
			}
		}
	],
	"display": {
		"thirdperson_righthand": {
			"rotation": [93, -90, 77],
			"translation": [-0.75, 7, 1],
			"scale": [1.5, 1.5, 1.5]
		},
		"thirdperson_lefthand": {
			"rotation": [93, 90, -77],
			"translation": [0.75, 7, 1],
			"scale": [1.5, 1.5, 1.5]
		},
		"firstperson_righthand": {
			"rotation": [38.36, -79.33, 27.73],
			"translation": [-0.12, 6.2, 2.13],
			"scale": [0.68, 0.88344, 0.68]
		},
		"firstperson_lefthand": {
			"rotation": [173.02, 81.85, -174.91],
			"translation": [-0.12, 6.7, 2.38],
			"scale": [0.68, 0.83, 0.68]
		},
		"ground": {
			"translation": [0, 2, 0],
			"scale": [0.5, 0.5, 0.5]
		},
		"gui": {
			"rotation": [14.75, 11, -41],
			"translation": [0.75, 2.75, 0],
			"scale": [1.2, 1.2, 1.2]
		},
		"fixed": {
			"rotation": [0, 0, 45],
			"translation": [-4.75, 1.75, 0],
			"scale": [2, 2, 2]
		}
	}
}