{
	"credit": "Made with Blockbench",
	"textures": {
		"0": "cosmetics/champagne",
		"particle": "cosmetics/champagne"
	},
	"elements": [
		{
			"from": [6.75, 7.5, 6.75],
			"to": [8.25, 10.25, 8.25],
			"rotation": {"angle": 0, "axis": "y", "origin": [0, 16, 0]},
			"faces": {
				"north": {"uv": [1, 13, 2.5, 16], "texture": "#0"},
				"east": {"uv": [1, 13, 2.5, 16], "texture": "#0"},
				"south": {"uv": [1, 13, 2.5, 16], "texture": "#0"},
				"west": {"uv": [1, 13, 2.5, 16], "texture": "#0"},
				"up": {"uv": [1, 11.5, 2.5, 13], "texture": "#0"},
				"down": {"uv": [1, 11.5, 2.5, 13], "texture": "#0"}
			}
		},
		{
			"from": [6.5, 10.25, 6.5],
			"to": [8.5, 12, 8.5],
			"rotation": {"angle": 0, "axis": "y", "origin": [0, 16, 0]},
			"faces": {
				"north": {"uv": [10.5, 7, 12.5, 9], "texture": "#0"},
				"east": {"uv": [10.5, 7, 12.5, 9], "texture": "#0"},
				"south": {"uv": [10.5, 7, 12.5, 9], "texture": "#0"},
				"west": {"uv": [10.5, 7, 12.5, 9], "texture": "#0"},
				"up": {"uv": [8.5, 7, 10.5, 9], "texture": "#0"},
				"down": {"uv": [10.5, 5, 12.5, 7], "texture": "#0"}
			}
		},
		{
			"from": [5.75, 6.8, 5.75],
			"to": [9.25, 8.55, 9.25],
			"rotation": {"angle": 0, "axis": "y", "origin": [0, 16, 0]},
			"faces": {
				"north": {"uv": [9, 9, 12.5, 11], "texture": "#0"},
				"east": {"uv": [9, 9, 12.5, 11], "texture": "#0"},
				"south": {"uv": [9, 9, 12.5, 11], "texture": "#0"},
				"west": {"uv": [9, 9, 12.5, 11], "texture": "#0"},
				"up": {"uv": [12.5, 4, 16, 7.5], "texture": "#0"},
				"down": {"uv": [12.5, 4, 16, 7.5], "texture": "#0"}
			}
		},
		{
			"from": [5.75, 1.05, 5.75],
			"to": [9.25, 1.8, 9.25],
			"rotation": {"angle": 0, "axis": "y", "origin": [0, 16, 0]},
			"faces": {
				"north": {"uv": [12.5, 7.5, 16, 8.25], "texture": "#0"},
				"east": {"uv": [12.5, 7.5, 16, 8.25], "texture": "#0"},
				"south": {"uv": [12.5, 7.5, 16, 8.25], "texture": "#0"},
				"west": {"uv": [12.5, 7.5, 16, 8.25], "texture": "#0"},
				"up": {"uv": [12.5, 7.5, 16, 11], "texture": "#0"},
				"down": {"uv": [12.5, 7.5, 16, 11], "texture": "#0"}
			}
		},
		{
			"from": [5.25, 1.8, 5.25],
			"to": [9.75, 6.8, 9.75],
			"rotation": {"angle": 0, "axis": "y", "origin": [0, 16, 0]},
			"faces": {
				"north": {"uv": [2.5, 16, 7, 11], "texture": "#0"},
				"east": {"uv": [7, 16, 11.5, 11], "rotation": 180, "texture": "#0"},
				"south": {"uv": [11.5, 16, 16, 11], "texture": "#0"},
				"west": {"uv": [7, 5, 11.5, 0], "rotation": 180, "texture": "#0"},
				"up": {"uv": [2.5, 11, 7, 6.5], "texture": "#0"},
				"down": {"uv": [2.5, 16, 7, 11.5], "texture": "#0"}
			}
		}
	],
	"display": {
		"thirdperson_righthand": {
			"rotation": [-156.5, -6.01, 171.2],
			"translation": [0, -2, -1.5]
		},
		"thirdperson_lefthand": {
			"rotation": [-156.5, -6.01, 171.2],
			"translation": [1, -2, -1.5]
		},
		"firstperson_righthand": {
			"translation": [1.75, 3.75, 1]
		},
		"firstperson_lefthand": {
			"translation": [1, 3.75, 0.75]
		},
		"ground": {
			"translation": [0, 0.75, 0],
			"scale": [0.5, 0.5, 0.5]
		},
		"gui": {
			"rotation": [-29.77, -42.42, -36.99],
			"translation": [0.5, 1.5, 0]
		},
		"head": {
			"translation": [0, 10.25, 0]
		},
		"fixed": {
			"rotation": [-90, 0, 0],
			"translation": [1, 1.75, -17.25],
			"scale": [2.5, 2.5, 2.5]
		}
	}
}