{
	"credit": "Made with Blockbench",
	"textures": {
		"0": "cosmetics/snowy-antlers",
		"particle": "cosmetics/snowy-antlers"
	},
	"elements": [
		{
			"from": [0, 5, 8],
			"to": [5, 6, 9],
			"rotation": {"angle": -22.5, "axis": "z", "origin": [7, 5, 8]},
			"faces": {
				"north": {"uv": [1, 1, 6, 2], "texture": "#0"},
				"east": {"uv": [0, 0, 1, 1], "texture": "#0"},
				"south": {"uv": [3, 1, 8, 2], "texture": "#0"},
				"west": {"uv": [2, 0.5, 3, 1.5], "rotation": 270, "texture": "#0"},
				"up": {"uv": [1, 0.5, 6, 1.5], "rotation": 180, "texture": "#0"},
				"down": {"uv": [3, 1.5, 8, 2], "texture": "#0"}
			}
		},
		{
			"from": [5.15224, 5.76537, 8],
			"to": [7.15224, 6.76537, 9],
			"rotation": {"angle": 0, "axis": "z", "origin": [12.15224, 5.76537, 8]},
			"faces": {
				"north": {"uv": [0, 1, 2, 2], "texture": "#0"},
				"east": {"uv": [0, 2, 1, 2.5], "texture": "#0"},
				"south": {"uv": [0, 2, 2, 3], "rotation": 180, "texture": "#0"},
				"west": {"uv": [0, 0, 1, 1], "texture": "#0"},
				"up": {"uv": [0, 0.5, 2, 1.5], "rotation": 180, "texture": "#0"},
				"down": {"uv": [0, 1.5, 1, 2], "rotation": 180, "texture": "#0"}
			}
		},
		{
			"from": [0.15016, 7.60266, 8.1],
			"to": [1.15016, 11.60266, 8.9],
			"rotation": {"angle": 22.5, "axis": "z", "origin": [0.15016, 8.60266, 8]},
			"faces": {
				"north": {"uv": [6, 1, 10, 2], "rotation": 270, "texture": "#0"},
				"east": {"uv": [6, 0.5, 10, 1.5], "rotation": 270, "texture": "#0"},
				"south": {"uv": [6, 2, 10, 3], "rotation": 270, "texture": "#0"},
				"west": {"uv": [6, 1, 10, 2], "rotation": 270, "texture": "#0"},
				"up": {"uv": [0, 0.5, 0.8, 1.5], "rotation": 90, "texture": "#0"},
				"down": {"uv": [0, 0, 0.8, 1], "rotation": 90, "texture": "#0"}
			}
		},
		{
			"from": [3.15016, 6.60266, 8.1],
			"to": [4.15016, 10.60266, 8.9],
			"rotation": {"angle": 0, "axis": "z", "origin": [0.15016, 8.60266, 8]},
			"faces": {
				"north": {"uv": [4, 2, 8, 3], "rotation": 270, "texture": "#0"},
				"east": {"uv": [5, 1, 9, 2], "rotation": 270, "texture": "#0"},
				"south": {"uv": [4, 1, 8, 2], "rotation": 270, "texture": "#0"},
				"west": {"uv": [4, 1, 8, 2], "rotation": 270, "texture": "#0"},
				"up": {"uv": [0.5, 0.5, 1.5, 1.3], "rotation": 180, "texture": "#0"},
				"down": {"uv": [0, 0, 0.8, 1], "rotation": 90, "texture": "#0"}
			}
		},
		{
			"from": [8.84776, 5.76537, 8],
			"to": [10.84776, 6.76537, 9],
			"rotation": {"angle": 0, "axis": "z", "origin": [3.84776, 5.76537, 8]},
			"faces": {
				"north": {"uv": [2, 1, 0, 2], "texture": "#0"},
				"east": {"uv": [1, 0, 0, 1], "texture": "#0"},
				"south": {"uv": [2, 2, 0, 3], "rotation": 180, "texture": "#0"},
				"west": {"uv": [1, 2, 0, 2.5], "texture": "#0"},
				"up": {"uv": [2, 0.5, 0, 1.5], "rotation": 180, "texture": "#0"},
				"down": {"uv": [1, 2, 0, 2.5], "rotation": 180, "texture": "#0"}
			}
		},
		{
			"from": [11, 5, 8],
			"to": [16, 6, 9],
			"rotation": {"angle": 22.5, "axis": "z", "origin": [9, 5, 8]},
			"faces": {
				"north": {"uv": [6, 1, 1, 2], "texture": "#0"},
				"east": {"uv": [2, 1.5, 3, 0.5], "rotation": 270, "texture": "#0"},
				"south": {"uv": [8, 1, 3, 2], "texture": "#0"},
				"west": {"uv": [1, 0, 0, 1], "texture": "#0"},
				"up": {"uv": [6, 0.5, 1, 1.5], "rotation": 180, "texture": "#0"},
				"down": {"uv": [8, 1.5, 3, 2], "texture": "#0"}
			}
		},
		{
			"from": [11.84984, 6.60266, 8.1],
			"to": [12.84984, 10.60266, 8.9],
			"rotation": {"angle": 0, "axis": "z", "origin": [15.84984, 8.60266, 8]},
			"faces": {
				"north": {"uv": [4, 3, 8, 2], "rotation": 270, "texture": "#0"},
				"east": {"uv": [4, 1, 8, 2], "rotation": 270, "texture": "#0"},
				"south": {"uv": [4, 2, 8, 1], "rotation": 270, "texture": "#0"},
				"west": {"uv": [5, 1, 9, 2], "rotation": 270, "texture": "#0"},
				"up": {"uv": [1.5, 0.5, 0.5, 1.3], "rotation": 180, "texture": "#0"},
				"down": {"uv": [0, 1, 0.8, 0], "rotation": 90, "texture": "#0"}
			}
		},
		{
			"from": [-1.4, 5.4, 8.5],
			"to": [1.6, 11.4, 8.5],
			"faces": {
				"north": {"uv": [13, 0, 16, 6], "texture": "#0"},
				"east": {"uv": [0, 0, 0, 6], "texture": "#0"},
				"south": {"uv": [13, 0, 16, 6], "texture": "#0"},
				"west": {"uv": [0, 0, 0, 6], "texture": "#0"},
				"up": {"uv": [0, 0, 3, 0], "texture": "#0"},
				"down": {"uv": [0, 0, 3, 0], "texture": "#0"}
			}
		},
		{
			"from": [0.2, 5.4, 6.9],
			"to": [0.2, 11.4, 9.9],
			"faces": {
				"north": {"uv": [0, 0, 0, 6], "texture": "#0"},
				"east": {"uv": [13, 0, 16, 6], "texture": "#0"},
				"south": {"uv": [0, 0, 0, 6], "texture": "#0"},
				"west": {"uv": [13, 0, 16, 6], "texture": "#0"},
				"up": {"uv": [0, 0, 3, 0], "rotation": 270, "texture": "#0"},
				"down": {"uv": [0, 0, 3, 0], "rotation": 90, "texture": "#0"}
			}
		},
		{
			"from": [2.6, 2, 8.75],
			"to": [5.6, 8, 8.75],
			"faces": {
				"north": {"uv": [13, 6, 16, 12], "texture": "#0"},
				"east": {"uv": [0, 6, 0, 12], "texture": "#0"},
				"south": {"uv": [13, 6, 16, 12], "texture": "#0"},
				"west": {"uv": [0, 6, 0, 12], "texture": "#0"},
				"up": {"uv": [0, 0, 3, 0], "texture": "#0"},
				"down": {"uv": [0, 0, 3, 0], "texture": "#0"}
			}
		},
		{
			"from": [4.2, 2, 7.15],
			"to": [4.2, 8, 10.15],
			"faces": {
				"north": {"uv": [0, 6, 0, 12], "texture": "#0"},
				"east": {"uv": [13, 6, 16, 12], "texture": "#0"},
				"south": {"uv": [0, 6, 0, 12], "texture": "#0"},
				"west": {"uv": [13, 6, 16, 12], "texture": "#0"},
				"up": {"uv": [0, 0, 3, 0], "rotation": 270, "texture": "#0"},
				"down": {"uv": [0, 0, 3, 0], "rotation": 90, "texture": "#0"}
			}
		},
		{
			"from": [10.65, 2, 8.5],
			"to": [13.65, 8, 8.5],
			"rotation": {"angle": 0, "axis": "y", "origin": [16, 0, 0]},
			"faces": {
				"north": {"uv": [16, 6, 13, 12], "texture": "#0"},
				"east": {"uv": [0, 6, 0, 12], "texture": "#0"},
				"south": {"uv": [16, 6, 13, 12], "texture": "#0"},
				"west": {"uv": [0, 6, 0, 12], "texture": "#0"},
				"up": {"uv": [3, 0, 0, 0], "texture": "#0"},
				"down": {"uv": [3, 0, 0, 0], "texture": "#0"}
			}
		},
		{
			"from": [12.05, 2, 6.9],
			"to": [12.05, 8, 9.9],
			"rotation": {"angle": 0, "axis": "y", "origin": [16, 0, 0]},
			"faces": {
				"north": {"uv": [0, 6, 0, 12], "texture": "#0"},
				"east": {"uv": [16, 6, 13, 12], "texture": "#0"},
				"south": {"uv": [0, 6, 0, 12], "texture": "#0"},
				"west": {"uv": [16, 6, 13, 12], "texture": "#0"},
				"up": {"uv": [0, 0, 3, 0], "rotation": 270, "texture": "#0"},
				"down": {"uv": [0, 0, 3, 0], "rotation": 90, "texture": "#0"}
			}
		},
		{
			"from": [14.4, 5.4, 8.5],
			"to": [17.4, 11.4, 8.5],
			"rotation": {"angle": 0, "axis": "y", "origin": [16, 0, 0]},
			"faces": {
				"north": {"uv": [16, 0, 13, 6], "texture": "#0"},
				"east": {"uv": [0, 0, 0, 6], "texture": "#0"},
				"south": {"uv": [16, 0, 13, 6], "texture": "#0"},
				"west": {"uv": [0, 0, 0, 6], "texture": "#0"},
				"up": {"uv": [3, 0, 0, 0], "texture": "#0"},
				"down": {"uv": [3, 0, 0, 0], "texture": "#0"}
			}
		},
		{
			"from": [15.8, 5.4, 6.9],
			"to": [15.8, 11.4, 9.9],
			"rotation": {"angle": 0, "axis": "y", "origin": [16, 0, 0]},
			"faces": {
				"north": {"uv": [0, 0, 0, 6], "texture": "#0"},
				"east": {"uv": [16, 0, 13, 6], "texture": "#0"},
				"south": {"uv": [0, 0, 0, 6], "texture": "#0"},
				"west": {"uv": [16, 0, 13, 6], "texture": "#0"},
				"up": {"uv": [0, 0, 3, 0], "rotation": 270, "texture": "#0"},
				"down": {"uv": [0, 0, 3, 0], "rotation": 90, "texture": "#0"}
			}
		},
		{
			"from": [14.84984, 7.60266, 8.1],
			"to": [15.84984, 11.60266, 8.9],
			"rotation": {"angle": -22.5, "axis": "z", "origin": [15.84984, 8.60266, 8]},
			"faces": {
				"north": {"uv": [6, 2, 10, 1], "rotation": 270, "texture": "#0"},
				"east": {"uv": [6, 2, 10, 3], "rotation": 270, "texture": "#0"},
				"south": {"uv": [6, 3, 10, 2], "rotation": 270, "texture": "#0"},
				"west": {"uv": [6, 1, 10, 2], "rotation": 270, "texture": "#0"},
				"up": {"uv": [0, 1.5, 0.8, 0.5], "rotation": 90, "texture": "#0"},
				"down": {"uv": [0, 1, 0.8, 0], "rotation": 90, "texture": "#0"}
			}
		}
	],
	"display": {
		"thirdperson_righthand": {
			"rotation": [75, 45, 0],
			"translation": [0, 0.5, 0],
			"scale": [0.375, 0.375, 0.375]
		},
		"thirdperson_lefthand": {
			"rotation": [75, 45, 0],
			"translation": [0, 0.75, 0],
			"scale": [0.375, 0.375, 0.375]
		},
		"firstperson_righthand": {
			"rotation": [0, -83, 0],
			"translation": [1.5, 2.75, 0],
			"scale": [0.4, 0.4, 0.4]
		},
		"firstperson_lefthand": {
			"rotation": [0, -83, 0],
			"translation": [1.5, 2.75, 0],
			"scale": [0.4, 0.4, 0.4]
		},
		"ground": {
			"translation": [0, 3, 0]
		},
		"gui": {
			"rotation": [13.28, 46.55, 4.41],
			"translation": [-0.25, 0.5, 0]
		},
		"head": {
			"translation": [0, 6.5, -1],
			"scale": [2, 2, 2]
		},
		"fixed": {
			"translation": [0, 0, -1]
		}
	}
}