{
	"credit": "Made with Blockbench",
	"texture_size": [32, 32],
	"textures": {
		"0": "crates/vote/coin",
		"1": "crates/vote/chain",
		"2": "crates/vote/chest",
		"particle": "crates/vote/coin"
	},
	"elements": [
		{
			"from": [-3, 0, -0.68],
			"to": [18, 11.16, 15.44],
			"rotation": {"angle": 0, "axis": "y", "origin": [0, 0, -1.92]},
			"faces": {
				"north": {"uv": [0, 9, 11.5, 16], "texture": "#2"},
				"east": {"uv": [0, 0, 8.5, 7], "texture": "#2"},
				"south": {"uv": [0, 9, 11.5, 16], "texture": "#2"},
				"west": {"uv": [0, 0, 8.5, 7], "texture": "#2"},
				"up": {"uv": [10.5, 0, 16, 4], "texture": "#2"},
				"down": {"uv": [0, 8, 11.5, 16], "texture": "#2"}
			}
		},
		{
			"from": [-2, 11.21, -0.68],
			"to": [19, 11.21, 15.44],
			"rotation": {"angle": 0, "axis": "y", "origin": [0, 0, -1.92]},
			"faces": {
				"north": {"uv": [0, 0, 10.5, 4.5], "texture": "#1"},
				"east": {"uv": [0, 0, 6.5, 4.5], "texture": "#1"},
				"south": {"uv": [0, 0, 10.5, 4.5], "texture": "#1"},
				"west": {"uv": [0, 0, 6.5, 4.5], "texture": "#1"},
				"up": {"uv": [0, 6.5, 10.5, 13.5], "texture": "#1"},
				"down": {"uv": [0, 0, 10.5, 6.5], "texture": "#1"}
			}
		},
		{
			"from": [-2, 0.04, -0.73],
			"to": [19, 11.16, -0.73],
			"rotation": {"angle": 0, "axis": "x", "origin": [0, 0, -1.92]},
			"faces": {
				"north": {"uv": [0, 0, 10.5, 6.5], "rotation": 180, "texture": "#1"},
				"east": {"uv": [0, 0, 6.5, 4.5], "rotation": 90, "texture": "#1"},
				"south": {"uv": [0, 0, 10.5, 6.5], "texture": "#1"},
				"west": {"uv": [0, 0, 6.5, 4.5], "rotation": 270, "texture": "#1"},
				"up": {"uv": [0, 0, 10.5, 4.5], "texture": "#1"},
				"down": {"uv": [0, 0, 10.5, 4.5], "rotation": 180, "texture": "#1"}
			}
		},
		{
			"from": [-2.975, 3.596, 14.634],
			"to": [17.975, 18.476, 18.354],
			"rotation": {"angle": -22.5, "axis": "x", "origin": [0, 0, -1.92]},
			"faces": {
				"north": {"uv": [10.5, 0, 16, 3], "rotation": 180, "texture": "#2"},
				"east": {"uv": [0, 6, 8.5, 7], "rotation": 270, "texture": "#2"},
				"south": {"uv": [0, 0, 8.5, 6], "texture": "#2"},
				"west": {"uv": [0, 6, 8.5, 7], "rotation": 90, "texture": "#2"},
				"up": {"uv": [0, 8, 11.5, 9], "rotation": 180, "texture": "#2"},
				"down": {"uv": [0, 0, 8.5, 1.5], "texture": "#2"}
			}
		},
		{
			"from": [-2.5, 9.796, 9.178],
			"to": [-1, 17.236, 10.418],
			"rotation": {"angle": 0, "axis": "x", "origin": [0, 0, -1.92]},
			"faces": {
				"north": {"uv": [0, 0, 0.75, 3], "rotation": 180, "texture": "#2"},
				"east": {"uv": [5.5, 6.5, 8.5, 7], "rotation": 270, "texture": "#2"},
				"south": {"uv": [0, 5.5, 0.75, 8.5], "texture": "#2"},
				"west": {"uv": [0, 6, 3, 6.5], "rotation": 90, "texture": "#2"},
				"up": {"uv": [0, 0, 0.75, 0.5], "rotation": 180, "texture": "#2"},
				"down": {"uv": [0, 0, 0.75, 0.5], "texture": "#2"}
			}
		},
		{
			"from": [16, 9.796, 9.178],
			"to": [17.5, 17.236, 10.418],
			"rotation": {"angle": 0, "axis": "x", "origin": [16, 0, -1.92]},
			"faces": {
				"north": {"uv": [0, 0, 0.75, 3], "rotation": 180, "texture": "#2"},
				"east": {"uv": [0, 6, 3, 6.5], "rotation": 90, "texture": "#2"},
				"south": {"uv": [0, 5, 0.75, 8], "texture": "#2"},
				"west": {"uv": [5.5, 6.5, 8.5, 7], "rotation": 270, "texture": "#2"},
				"up": {"uv": [0.75, 0, 1.5, 0.5], "rotation": 180, "texture": "#2"},
				"down": {"uv": [0.75, 0, 1.5, 0.5], "texture": "#2"}
			}
		},
		{
			"from": [-2.95, 7.099, 18.106],
			"to": [17.95, 15.004, 21.826],
			"rotation": {"angle": -22.5, "axis": "x", "origin": [0, 0, -1.92]},
			"faces": {
				"north": {"uv": [0, 0, 8.5, 3.1875], "rotation": 180, "texture": "#2"},
				"east": {"uv": [4.5, 8, 6.6875, 9], "rotation": 270, "texture": "#2"},
				"south": {"uv": [0, 1.5, 8.5, 4.5], "texture": "#2"},
				"west": {"uv": [4.5, 8, 6.1875, 9], "rotation": 90, "texture": "#2"},
				"up": {"uv": [0, 0, 8.5, 1.5], "rotation": 180, "texture": "#2"},
				"down": {"uv": [0, 0, 8.5, 1.5], "texture": "#2"}
			}
		},
		{
			"from": [-2.95, 15.58093, 0.57535],
			"to": [17.95, 19.30093, 5.53535],
			"rotation": {"angle": 22.5, "axis": "x", "origin": [0, -0.97307, 19.05135]},
			"faces": {
				"north": {"uv": [0, 0, 8.5, 1.5], "texture": "#2"},
				"east": {"uv": [6, 8, 8, 9], "texture": "#2"},
				"south": {"uv": [0, 0, 8.5, 1.5], "texture": "#2"},
				"west": {"uv": [3.5, 8, 5.5, 9], "texture": "#2"},
				"up": {"uv": [0, 4, 8.5, 6], "rotation": 180, "texture": "#2"},
				"down": {"uv": [0, 0, 8.5, 2], "texture": "#2"}
			}
		},
		{
			"from": [-2.95, 3.33945, 17.52497],
			"to": [17.95, 8.29945, 21.24497],
			"rotation": {"angle": 22.5, "axis": "x", "origin": [0, 21.81545, 37.79897]},
			"faces": {
				"north": {"uv": [0, 0, 8, 2], "rotation": 180, "texture": "#2"},
				"east": {"uv": [3.5, 8, 5.5, 9], "rotation": 270, "texture": "#2"},
				"south": {"uv": [0, 4.5, 8.5, 7], "texture": "#2"},
				"west": {"uv": [3.5, 8, 5.5, 9], "rotation": 270, "texture": "#2"},
				"up": {"uv": [0, 0, 8.5, 1.5], "texture": "#2"},
				"down": {"uv": [0, 0, 8.5, 1.5], "rotation": 180, "texture": "#2"}
			}
		},
		{
			"from": [0, 11.175, 0],
			"to": [4, 12.175, 4],
			"rotation": {"angle": -22.5, "axis": "y", "origin": [0, 0.175, 0]},
			"faces": {
				"north": {"uv": [0, 0, 3, 0.5], "texture": "#0"},
				"east": {"uv": [0, 0, 3, 0.5], "texture": "#0"},
				"south": {"uv": [0, 0, 3, 0.5], "texture": "#0"},
				"west": {"uv": [0, 0, 3, 0.5], "texture": "#0"},
				"up": {"uv": [0, 0, 3, 3], "texture": "#0"},
				"down": {"uv": [0, 0, 3, 3], "texture": "#0"}
			}
		},
		{
			"from": [15, 11.175, -3],
			"to": [19, 12.175, 1],
			"rotation": {"angle": -22.5, "axis": "y", "origin": [0, 0.175, 0]},
			"faces": {
				"north": {"uv": [0, 0, 3, 0.5], "texture": "#0"},
				"east": {"uv": [0, 0, 3, 0.5], "texture": "#0"},
				"south": {"uv": [0, 0, 3, 0.5], "texture": "#0"},
				"west": {"uv": [0, 0, 3, 0.5], "texture": "#0"},
				"up": {"uv": [0, 0, 3, 3], "texture": "#0"},
				"down": {"uv": [0, 0, 3, 3], "texture": "#0"}
			}
		},
		{
			"from": [8, 11.175, 3],
			"to": [12, 12.175, 7],
			"rotation": {"angle": -22.5, "axis": "y", "origin": [0, 0.175, 0]},
			"faces": {
				"north": {"uv": [0, 0, 3, 0.5], "texture": "#0"},
				"east": {"uv": [0, 0, 3, 0.5], "texture": "#0"},
				"south": {"uv": [0, 0, 3, 0.5], "texture": "#0"},
				"west": {"uv": [0, 0, 3, 0.5], "texture": "#0"},
				"up": {"uv": [0, 0, 3, 3], "texture": "#0"},
				"down": {"uv": [0, 0, 3, 3], "texture": "#0"}
			}
		},
		{
			"from": [7, 11.175, 3],
			"to": [11, 12.175, 7],
			"rotation": {"angle": 22.5, "axis": "y", "origin": [0, 0.175, 0]},
			"faces": {
				"north": {"uv": [0, 0, 3, 0.5], "texture": "#0"},
				"east": {"uv": [0, 0, 3, 0.5], "texture": "#0"},
				"south": {"uv": [0, 0, 3, 0.5], "texture": "#0"},
				"west": {"uv": [0, 0, 3, 0.5], "texture": "#0"},
				"up": {"uv": [0, 0, 3, 3], "texture": "#0"},
				"down": {"uv": [0, 0, 3, 3], "texture": "#0"}
			}
		},
		{
			"from": [-1.1, 11.175, 6],
			"to": [2.9, 12.175, 10],
			"rotation": {"angle": 0, "axis": "y", "origin": [0, 0.175, 0]},
			"faces": {
				"north": {"uv": [0, 0, 3, 0.5], "texture": "#0"},
				"east": {"uv": [0, 0, 3, 0.5], "texture": "#0"},
				"south": {"uv": [0, 0, 3, 0.5], "texture": "#0"},
				"west": {"uv": [0, 0, 3, 0.5], "texture": "#0"},
				"up": {"uv": [0, 0, 3, 3], "texture": "#0"},
				"down": {"uv": [0, 0, 3, 3], "texture": "#0"}
			}
		}
	],
	"display": {
		"thirdperson_righthand": {
			"translation": [0, 0, 1],
			"scale": [0.2, 0.2, 0.2]
		},
		"thirdperson_lefthand": {
			"translation": [0, 0, 1],
			"scale": [0.2, 0.2, 0.2]
		},
		"firstperson_righthand": {
			"rotation": [-168.09, 13.28, 162.88],
			"translation": [1.13, 3.2, 1.13],
			"scale": [0.2, 0.2, 0.2]
		},
		"firstperson_lefthand": {
			"rotation": [-180, 13.28, 162.88],
			"translation": [1.13, 3.2, 1.13],
			"scale": [0.2, 0.2, 0.2]
		},
		"ground": {
			"scale": [0.5, 0.5, 0.5]
		},
		"gui": {
			"rotation": [-152.25, -42.75, -180],
			"scale": [0.4, 0.4, 0.4]
		},
		"head": {
			"translation": [0, 3.5, 0],
			"scale": [1.5, 1.5, 1.5]
		},
		"fixed": {
			"rotation": [-90, 0, 0],
			"translation": [1, 1.25, -15],
			"scale": [2, 2, 2]
		}
	}
}
