{
	"credit": "Made with Blockbench",
	"texture_size": [32, 32],
	"textures": {
		"0": "crates/xmas/coin",
		"1": "crates/xmas/chain",
		"2": "crates/xmas/chest",
		"particle": "crates/xmas/coin"
	},
	"elements": [
		{
			"from": [-3, 0, -0.68],
			"to": [18, 11.16, 15.44],
			"rotation": {"angle": 0, "axis": "y", "origin": [0, 0, -1.92]},
			"faces": {
				"north": {"uv": [0, 9, 11.5, 16], "texture": "#2"},
				"east": {"uv": [0, 0, 8.5, 7], "texture": "#2"},
				"south": {"uv": [0, 9, 11.5, 16], "texture": "#2"},
				"west": {"uv": [0, 0, 8.5, 7], "texture": "#2"},
				"up": {"uv": [10.5, 0, 16, 4], "texture": "#2"},
				"down": {"uv": [0, 8, 11.5, 16], "texture": "#2"}
			}
		},
		{
			"from": [-6, 11.21, -0.68],
			"to": [15, 11.21, 15.44],
			"rotation": {"angle": 0, "axis": "y", "origin": [0, 0, -1.92]},
			"faces": {
				"north": {"uv": [0, 0, 10.5, 4.5], "texture": "#1"},
				"east": {"uv": [0, 0, 6.5, 4.5], "texture": "#1"},
				"south": {"uv": [0, 0, 10.5, 4.5], "texture": "#1"},
				"west": {"uv": [0, 0, 6.5, 4.5], "texture": "#1"},
				"up": {"uv": [0, 6.5, 10.5, 13.5], "texture": "#1"},
				"down": {"uv": [0, 0, 10.5, 6.5], "texture": "#1"}
			}
		},
		{
			"from": [-6, 0.04, -0.73],
			"to": [15, 11.16, -0.73],
			"rotation": {"angle": 0, "axis": "y", "origin": [0, 0, -1.92]},
			"faces": {
				"north": {"uv": [0, 0, 10.5, 6.5], "rotation": 180, "texture": "#1"},
				"east": {"uv": [0, 0, 6.5, 4.5], "rotation": 90, "texture": "#1"},
				"south": {"uv": [0, 0, 10.5, 6.5], "texture": "#1"},
				"west": {"uv": [0, 0, 6.5, 4.5], "rotation": 270, "texture": "#1"},
				"up": {"uv": [0, 0, 10.5, 4.5], "texture": "#1"},
				"down": {"uv": [0, 0, 10.5, 4.5], "rotation": 180, "texture": "#1"}
			}
		},
		{
			"from": [-2.975, 3.596, 14.634],
			"to": [17.975, 18.476, 18.354],
			"rotation": {"angle": -22.5, "axis": "x", "origin": [0, 0, -1.92]},
			"faces": {
				"north": {"uv": [10.5, 0, 16, 3], "rotation": 180, "texture": "#2"},
				"east": {"uv": [0, 6, 8.5, 7], "rotation": 270, "texture": "#2"},
				"south": {"uv": [0, 0, 8.5, 6], "texture": "#2"},
				"west": {"uv": [0, 6, 8.5, 7], "rotation": 90, "texture": "#2"},
				"up": {"uv": [0, 8, 11.5, 9], "rotation": 180, "texture": "#2"},
				"down": {"uv": [0, 0, 8.5, 1.5], "texture": "#2"}
			}
		},
		{
			"from": [-2.5, 9.796, 9.178],
			"to": [-1, 17.236, 10.418],
			"rotation": {"angle": 0, "axis": "y", "origin": [0, 0, -1.92]},
			"faces": {
				"north": {"uv": [0, 0, 0.75, 3], "rotation": 180, "texture": "#2"},
				"east": {"uv": [5.5, 6.5, 8.5, 7], "rotation": 270, "texture": "#2"},
				"south": {"uv": [0, 5.5, 0.75, 8.5], "texture": "#2"},
				"west": {"uv": [0, 6, 3, 6.5], "rotation": 90, "texture": "#2"},
				"up": {"uv": [0, 0, 0.75, 0.5], "rotation": 180, "texture": "#2"},
				"down": {"uv": [0, 0, 0.75, 0.5], "texture": "#2"}
			}
		},
		{
			"from": [16, 9.796, 9.178],
			"to": [17.5, 17.236, 10.418],
			"rotation": {"angle": 0, "axis": "y", "origin": [16, 0, -1.92]},
			"faces": {
				"north": {"uv": [0, 0, 0.75, 3], "rotation": 180, "texture": "#2"},
				"east": {"uv": [0, 6, 3, 6.5], "rotation": 90, "texture": "#2"},
				"south": {"uv": [0, 5, 0.75, 8], "texture": "#2"},
				"west": {"uv": [5.5, 6.5, 8.5, 7], "rotation": 270, "texture": "#2"},
				"up": {"uv": [0.75, 0, 1.5, 0.5], "rotation": 180, "texture": "#2"},
				"down": {"uv": [0.75, 0, 1.5, 0.5], "texture": "#2"}
			}
		},
		{
			"from": [-2.95, 7.099, 18.106],
			"to": [17.95, 15.004, 21.826],
			"rotation": {"angle": -22.5, "axis": "x", "origin": [0, 0, -1.92]},
			"faces": {
				"north": {"uv": [0, 0, 8.5, 3.1875], "rotation": 180, "texture": "#2"},
				"east": {"uv": [4.5, 8, 6.6875, 9], "rotation": 270, "texture": "#2"},
				"south": {"uv": [0, 1.5, 8.5, 4.5], "texture": "#2"},
				"west": {"uv": [4.5, 8, 6.1875, 9], "rotation": 90, "texture": "#2"},
				"up": {"uv": [0, 0, 8.5, 1.5], "rotation": 180, "texture": "#2"},
				"down": {"uv": [0, 0, 8.5, 1.5], "texture": "#2"}
			}
		},
		{
			"from": [-2.95, 15.58093, 0.57535],
			"to": [17.95, 19.30093, 5.53535],
			"rotation": {"angle": 22.5, "axis": "x", "origin": [0, -0.97307, 19.05135]},
			"faces": {
				"north": {"uv": [0, 0, 8.5, 1.5], "texture": "#2"},
				"east": {"uv": [6, 8, 8, 9], "texture": "#2"},
				"south": {"uv": [0, 0, 8.5, 1.5], "texture": "#2"},
				"west": {"uv": [3.5, 8, 5.5, 9], "texture": "#2"},
				"up": {"uv": [0, 4, 8.5, 6], "rotation": 180, "texture": "#2"},
				"down": {"uv": [0, 0, 8.5, 2], "texture": "#2"}
			}
		},
		{
			"from": [-2.95, 3.33945, 17.52497],
			"to": [17.95, 8.29945, 21.24497],
			"rotation": {"angle": 22.5, "axis": "x", "origin": [0, 21.81545, 37.79897]},
			"faces": {
				"north": {"uv": [0, 0, 8, 2], "rotation": 180, "texture": "#2"},
				"east": {"uv": [3.5, 8, 5.5, 9], "rotation": 270, "texture": "#2"},
				"south": {"uv": [0, 4.5, 8.5, 7], "texture": "#2"},
				"west": {"uv": [3.5, 8, 5.5, 9], "rotation": 270, "texture": "#2"},
				"up": {"uv": [0, 0, 8.5, 1.5], "texture": "#2"},
				"down": {"uv": [0, 0, 8.5, 1.5], "rotation": 180, "texture": "#2"}
			}
		},
		{
			"from": [0, 11.175, 0],
			"to": [4, 12.175, 4],
			"rotation": {"angle": -22.5, "axis": "y", "origin": [0, 0.175, 0]},
			"faces": {
				"north": {"uv": [0, 0, 3, 0.5], "texture": "#0"},
				"east": {"uv": [0, 0, 3, 0.5], "texture": "#0"},
				"south": {"uv": [0, 0, 3, 0.5], "texture": "#0"},
				"west": {"uv": [0, 0, 3, 0.5], "texture": "#0"},
				"up": {"uv": [0, 0, 3, 3], "texture": "#0"},
				"down": {"uv": [0, 0, 3, 3], "texture": "#0"}
			}
		},
		{
			"from": [-2, 12.175, 3],
			"to": [2, 13.175, 7],
			"rotation": {"angle": 22.5, "axis": "y", "origin": [0, 0.175, 0]},
			"faces": {
				"north": {"uv": [4, 4, 7, 4.5], "texture": "#0"},
				"east": {"uv": [4, 4, 7, 4.5], "texture": "#0"},
				"south": {"uv": [4, 4, 7, 4.5], "texture": "#0"},
				"west": {"uv": [4, 4, 7, 4.5], "texture": "#0"},
				"up": {"uv": [4, 4, 7, 7], "texture": "#0"},
				"down": {"uv": [4, 4, 7, 7], "texture": "#0"}
			}
		},
		{
			"from": [9, 12.175, 6],
			"to": [13, 13.175, 10],
			"rotation": {"angle": 22.5, "axis": "y", "origin": [0, 0.175, 0]},
			"faces": {
				"north": {"uv": [0, 0, 3, 0.5], "texture": "#0"},
				"east": {"uv": [0, 0, 3, 0.5], "texture": "#0"},
				"south": {"uv": [0, 0, 3, 0.5], "texture": "#0"},
				"west": {"uv": [0, 0, 3, 0.5], "texture": "#0"},
				"up": {"uv": [0, 0, 3, 3], "texture": "#0"},
				"down": {"uv": [0, 0, 3, 3], "texture": "#0"}
			}
		},
		{
			"from": [15, 11.175, -3],
			"to": [19, 12.175, 1],
			"rotation": {"angle": -22.5, "axis": "y", "origin": [0, 0.175, 0]},
			"faces": {
				"north": {"uv": [4, 0, 7, 0.5], "texture": "#0"},
				"east": {"uv": [4, 0, 7, 0.5], "texture": "#0"},
				"south": {"uv": [4, 0, 7, 0.5], "texture": "#0"},
				"west": {"uv": [4, 0, 7, 0.5], "texture": "#0"},
				"up": {"uv": [4, 0, 7, 3], "texture": "#0"},
				"down": {"uv": [4, 0, 7, 3], "texture": "#0"}
			}
		},
		{
			"from": [13, 0.175, 13],
			"to": [17, 1.175, 17],
			"rotation": {"angle": 45, "axis": "y", "origin": [0, 0.175, 0]},
			"faces": {
				"north": {"uv": [0, 0, 3, 0.5], "texture": "#0"},
				"east": {"uv": [0, 0, 3, 0.5], "texture": "#0"},
				"south": {"uv": [0, 0, 3, 0.5], "texture": "#0"},
				"west": {"uv": [0, 0, 3, 0.5], "texture": "#0"},
				"up": {"uv": [0, 0, 3, 3], "texture": "#0"},
				"down": {"uv": [0, 0, 3, 3], "texture": "#0"}
			}
		},
		{
			"from": [12, 1.175, 0],
			"to": [16, 2.175, 4],
			"rotation": {"angle": -45, "axis": "y", "origin": [0, 0, 16]},
			"faces": {
				"north": {"uv": [4, 4, 7, 4.5], "texture": "#0"},
				"east": {"uv": [4, 4, 7, 4.5], "texture": "#0"},
				"south": {"uv": [4, 4, 7, 4.5], "texture": "#0"},
				"west": {"uv": [4, 4, 7, 4.5], "texture": "#0"},
				"up": {"uv": [4, 4, 7, 7], "texture": "#0"},
				"down": {"uv": [4, 4, 7, 7], "texture": "#0"}
			}
		},
		{
			"from": [14, 0.175, 8],
			"to": [18, 1.175, 12],
			"rotation": {"angle": -22.5, "axis": "y", "origin": [0, 0.175, 16]},
			"faces": {
				"north": {"uv": [0, 0, 3, 0.5], "texture": "#0"},
				"east": {"uv": [0, 0, 3, 0.5], "texture": "#0"},
				"south": {"uv": [0, 0, 3, 0.5], "texture": "#0"},
				"west": {"uv": [0, 0, 3, 0.5], "texture": "#0"},
				"up": {"uv": [0, 0, 3, 3], "texture": "#0"},
				"down": {"uv": [0, 0, 3, 3], "texture": "#0"}
			}
		},
		{
			"from": [19, 0.175, 10],
			"to": [23, 1.175, 14],
			"rotation": {"angle": 0, "axis": "y", "origin": [0, 0.175, 16]},
			"faces": {
				"north": {"uv": [4, 0, 7, 0.5], "texture": "#0"},
				"east": {"uv": [4, 0, 7, 0.5], "texture": "#0"},
				"south": {"uv": [4, 0, 7, 0.5], "texture": "#0"},
				"west": {"uv": [4, 0, 7, 0.5], "texture": "#0"},
				"up": {"uv": [4, 0, 7, 3], "texture": "#0"},
				"down": {"uv": [4, 0, 7, 3], "texture": "#0"}
			}
		},
		{
			"from": [8, 11.175, 3],
			"to": [12, 12.175, 7],
			"rotation": {"angle": -22.5, "axis": "y", "origin": [0, 0.175, 0]},
			"faces": {
				"north": {"uv": [4, 4, 7, 4.5], "texture": "#0"},
				"east": {"uv": [4, 4, 7, 4.5], "texture": "#0"},
				"south": {"uv": [4, 4, 7, 4.5], "texture": "#0"},
				"west": {"uv": [4, 4, 7, 4.5], "texture": "#0"},
				"up": {"uv": [4, 4, 7, 7], "texture": "#0"},
				"down": {"uv": [4, 4, 7, 7], "texture": "#0"}
			}
		},
		{
			"from": [7, 11.175, 3],
			"to": [11, 12.175, 7],
			"rotation": {"angle": 22.5, "axis": "y", "origin": [0, 0.175, 0]},
			"faces": {
				"north": {"uv": [4, 0, 7, 0.5], "texture": "#0"},
				"east": {"uv": [4, 0, 7, 0.5], "texture": "#0"},
				"south": {"uv": [4, 0, 7, 0.5], "texture": "#0"},
				"west": {"uv": [4, 0, 7, 0.5], "texture": "#0"},
				"up": {"uv": [4, 0, 7, 3], "texture": "#0"},
				"down": {"uv": [4, 0, 7, 3], "texture": "#0"}
			}
		},
		{
			"from": [-1.1, 11.175, 6],
			"to": [2.9, 12.175, 10],
			"rotation": {"angle": 0, "axis": "y", "origin": [0, 0.175, 0]},
			"faces": {
				"north": {"uv": [0, 0, 3, 0.5], "texture": "#0"},
				"east": {"uv": [0, 0, 3, 0.5], "texture": "#0"},
				"south": {"uv": [0, 0, 3, 0.5], "texture": "#0"},
				"west": {"uv": [0, 0, 3, 0.5], "texture": "#0"},
				"up": {"uv": [0, 0, 3, 3], "texture": "#0"},
				"down": {"uv": [0, 0, 3, 3], "texture": "#0"}
			}
		},
		{
			"from": [9.9, 11.175, 6],
			"to": [13.9, 12.175, 10],
			"rotation": {"angle": 0, "axis": "y", "origin": [0, 0.175, 0]},
			"faces": {
				"north": {"uv": [0, 0, 3, 0.5], "texture": "#0"},
				"east": {"uv": [0, 0, 3, 0.5], "texture": "#0"},
				"south": {"uv": [0, 0, 3, 0.5], "texture": "#0"},
				"west": {"uv": [0, 0, 3, 0.5], "texture": "#0"},
				"up": {"uv": [0, 0, 3, 3], "texture": "#0"},
				"down": {"uv": [0, 0, 3, 3], "texture": "#0"}
			}
		},
		{
			"from": [10.9, 0.175, -6],
			"to": [14.9, 1.175, -2],
			"rotation": {"angle": 0, "axis": "y", "origin": [-7, -10.825, -6]},
			"faces": {
				"north": {"uv": [4, 4, 7, 4.5], "texture": "#0"},
				"east": {"uv": [4, 4, 7, 4.5], "texture": "#0"},
				"south": {"uv": [4, 4, 7, 4.5], "texture": "#0"},
				"west": {"uv": [4, 4, 7, 4.5], "texture": "#0"},
				"up": {"uv": [4, 4, 7, 7], "texture": "#0"},
				"down": {"uv": [4, 4, 7, 7], "texture": "#0"}
			}
		},
		{
			"from": [-11, 0.175, 17.1],
			"to": [-7, 1.175, 21.1],
			"rotation": {"angle": 22.5, "axis": "y", "origin": [-7, -10.825, -6]},
			"faces": {
				"north": {"uv": [0, 0, 3, 0.5], "texture": "#0"},
				"east": {"uv": [0, 0, 3, 0.5], "texture": "#0"},
				"south": {"uv": [0, 0, 3, 0.5], "texture": "#0"},
				"west": {"uv": [0, 0, 3, 0.5], "texture": "#0"},
				"up": {"uv": [0, 0, 3, 3], "rotation": 270, "texture": "#0"},
				"down": {"uv": [0, 0, 3, 3], "rotation": 90, "texture": "#0"}
			}
		},
		{
			"from": [5.1, 0.175, -5.8],
			"to": [9.1, 1.175, -1.8],
			"rotation": {"angle": -22.5, "axis": "y", "origin": [10.1, 0.175, -3.8]},
			"faces": {
				"north": {"uv": [4, 0, 7, 0.5], "texture": "#0"},
				"east": {"uv": [4, 0, 7, 0.5], "texture": "#0"},
				"south": {"uv": [4, 0, 7, 0.5], "texture": "#0"},
				"west": {"uv": [4, 0, 7, 0.5], "texture": "#0"},
				"up": {"uv": [4, 0, 7, 3], "texture": "#0"},
				"down": {"uv": [4, 0, 7, 3], "texture": "#0"}
			}
		},
		{
			"from": [14.1, 0.175, 9.2],
			"to": [19.1, 5.175, 14.2],
			"rotation": {"angle": 22.5, "axis": "y", "origin": [10.1, 0.175, -3.8]},
			"faces": {
				"north": {"uv": [12, 0, 16, 4], "texture": "#0"},
				"east": {"uv": [12, 0, 16, 4], "texture": "#0"},
				"south": {"uv": [12, 0, 16, 4], "texture": "#0"},
				"west": {"uv": [12, 0, 16, 4], "texture": "#0"},
				"up": {"uv": [12, 0, 16, 4], "texture": "#0"},
				"down": {"uv": [12, 4, 16, 8], "texture": "#0"}
			}
		},
		{
			"from": [13.85, 4.175, 8.95],
			"to": [19.35, 6.175, 14.45],
			"rotation": {"angle": 22.5, "axis": "y", "origin": [10.1, 0.175, -3.8]},
			"faces": {
				"north": {"uv": [12, 0, 16, 0.5], "rotation": 180, "texture": "#0"},
				"east": {"uv": [12, 0, 16, 0.5], "texture": "#0"},
				"south": {"uv": [12, 0, 16, 0.5], "texture": "#0"},
				"west": {"uv": [12, 0, 16, 0.5], "texture": "#0"},
				"up": {"uv": [12, 4, 16, 8], "texture": "#0"},
				"down": {"uv": [12, 4, 16, 8], "texture": "#0"}
			}
		},
		{
			"from": [13.85, 6.175, 11.7],
			"to": [19.35, 11.175, 11.7],
			"rotation": {"angle": 22.5, "axis": "y", "origin": [10.1, 0.175, -3.8]},
			"faces": {
				"north": {"uv": [12, 9, 16, 12.5], "texture": "#0"},
				"east": {"uv": [12, 9, 16, 9.5], "texture": "#0"},
				"south": {"uv": [12, 9, 16, 12.5], "texture": "#0"},
				"west": {"uv": [12, 10, 16, 10.5], "texture": "#0"},
				"up": {"uv": [12, 9, 16, 10], "texture": "#0"},
				"down": {"uv": [12, 9, 16, 10], "texture": "#0"}
			}
		},
		{
			"from": [-6.9, 0.175, 3.2],
			"to": [-1.9, 5.175, 8.2],
			"rotation": {"angle": -22.5, "axis": "y", "origin": [10.1, 0.175, -3.8]},
			"faces": {
				"north": {"uv": [12, 0, 16, 4], "texture": "#0"},
				"east": {"uv": [12, 0, 16, 4], "texture": "#0"},
				"south": {"uv": [12, 0, 16, 4], "texture": "#0"},
				"west": {"uv": [12, 0, 16, 4], "texture": "#0"},
				"up": {"uv": [12, 0, 16, 4], "texture": "#0"},
				"down": {"uv": [12, 4, 16, 8], "texture": "#0"}
			}
		},
		{
			"from": [-7.15, 4.175, 2.95],
			"to": [-1.65, 6.175, 8.45],
			"rotation": {"angle": -22.5, "axis": "y", "origin": [10.1, 0.175, -3.8]},
			"faces": {
				"north": {"uv": [12, 0, 16, 0.5], "rotation": 180, "texture": "#0"},
				"east": {"uv": [12, 0, 16, 0.5], "texture": "#0"},
				"south": {"uv": [12, 0, 16, 0.5], "texture": "#0"},
				"west": {"uv": [12, 0, 16, 0.5], "texture": "#0"},
				"up": {"uv": [12, 4, 16, 8], "texture": "#0"},
				"down": {"uv": [12, 4, 16, 8], "texture": "#0"}
			}
		},
		{
			"from": [-7.15, 6.175, 5.7],
			"to": [-1.65, 11.175, 5.7],
			"rotation": {"angle": -22.5, "axis": "y", "origin": [10.1, 0.175, -3.8]},
			"faces": {
				"north": {"uv": [12, 9, 16, 12.5], "texture": "#0"},
				"east": {"uv": [12, 9, 16, 9.5], "texture": "#0"},
				"south": {"uv": [12, 9, 16, 12.5], "texture": "#0"},
				"west": {"uv": [12, 10, 16, 10.5], "texture": "#0"},
				"up": {"uv": [12, 9, 16, 10], "texture": "#0"},
				"down": {"uv": [12, 9, 16, 10], "texture": "#0"}
			}
		},
		{
			"from": [-2.211, 3.5695, -9.042],
			"to": [1.859, 7.2695, -9.042],
			"rotation": {"angle": 22.5, "axis": "y", "origin": [9.554, 0.1295, -0.732]},
			"faces": {
				"north": {"uv": [3, 9, 7, 12.5], "texture": "#0"},
				"east": {"uv": [3, 9, 7, 9.5], "texture": "#0"},
				"south": {"uv": [3, 9, 7, 12.5], "texture": "#0"},
				"west": {"uv": [3, 10, 7, 10.5], "texture": "#0"},
				"up": {"uv": [3, 9, 7, 10], "texture": "#0"},
				"down": {"uv": [3, 9, 7, 10], "texture": "#0"}
			}
		},
		{
			"from": [-2.211, 2.0895, -11.077],
			"to": [1.859, 3.5695, -7.007],
			"rotation": {"angle": 22.5, "axis": "y", "origin": [9.554, 0.1295, -0.732]},
			"faces": {
				"north": {"uv": [7, 8, 11, 8.5], "rotation": 180, "texture": "#0"},
				"east": {"uv": [7, 8, 11, 8.5], "texture": "#0"},
				"south": {"uv": [7, 8, 11, 8.5], "texture": "#0"},
				"west": {"uv": [7, 8, 11, 8.5], "texture": "#0"},
				"up": {"uv": [7, 12, 11, 16], "texture": "#0"},
				"down": {"uv": [7, 12, 11, 16], "texture": "#0"}
			}
		},
		{
			"from": [-2.026, 0.1295, -10.892],
			"to": [1.674, 2.4295, -7.192],
			"rotation": {"angle": 22.5, "axis": "y", "origin": [9.554, 0.1295, -0.732]},
			"faces": {
				"north": {"uv": [7, 8, 11, 12], "texture": "#0"},
				"east": {"uv": [7, 8, 11, 12], "texture": "#0"},
				"south": {"uv": [7, 8, 11, 12], "texture": "#0"},
				"west": {"uv": [7, 8, 11, 12], "texture": "#0"},
				"up": {"uv": [7, 8, 11, 12], "texture": "#0"},
				"down": {"uv": [7, 12, 11, 16], "texture": "#0"}
			}
		}
	],
	"display": {
		"thirdperson_righthand": {
			"translation": [0, 0, 1],
			"scale": [0.2, 0.2, 0.2]
		},
		"thirdperson_lefthand": {
			"translation": [0, 0, 1],
			"scale": [0.2, 0.2, 0.2]
		},
		"firstperson_righthand": {
			"rotation": [-168.09, 13.28, 162.88],
			"translation": [1.13, 3.2, 1.13],
			"scale": [0.2, 0.2, 0.2]
		},
		"firstperson_lefthand": {
			"rotation": [-180, 13.28, 162.88],
			"translation": [1.13, 3.2, 1.13],
			"scale": [0.2, 0.2, 0.2]
		},
		"ground": {
			"scale": [0.5, 0.5, 0.5]
		},
		"gui": {
			"rotation": [-152.25, -42.75, -180],
			"scale": [0.4, 0.4, 0.4]
		},
		"head": {
			"translation": [0, 3.5, 0],
			"scale": [1.5, 1.5, 1.5]
		},
		"fixed": {
			"rotation": [-90, 0, 0],
			"translation": [1, 1.25, -15],
			"scale": [2, 2, 2]
		}
	}
}