{
   "providers":[
      {
         "type":"bitmap",
         "file":"minecraft:font/nonlatin_european.png",
         "ascent":7,
         "chars":[
            "¡‰­·₴≠¿×ØÞһðøþΑΒ",
            "ΓΔΕΖΗΘΙΚΛΜΝΞΟΠΡΣ",
            "ΤΥΦΧΨΩαβγδεζηθικ",
            "λμνξοπρςστυφχψωЂ",
            "ЅІЈЉЊЋАБВГДЕЖЗИК",
            "ЛМНОПРСТУФХЦЧШЩЪ",
            "ЫЬЭЮЯабвгдежзикл",
            "мнопрстуфхцчшщъы",
            "ьэюяєѕіјљњ–—‘’“”",
            "„…⁊←↑→↓⇄＋ƏəɛɪҮүӨ",
            "өʻˌ;ĸẞß₽€ѢѣѴѵӀѲѳ",
            "⁰¹³⁴⁵⁶⁷⁸⁹⁺⁻⁼⁽⁾ⁱ™",
            "ʔʕ⧈⚔☠ҚқҒғҰұӘәҖҗҢ",
            "ңҺאבגדהוזחטיכלמם",
            "נןסעפףצץקר¢¤¥©®µ",
            "¶¼½¾·‐‚†‡•‱′″‴‵‶",
            "‷‹›※‼‽⁂⁈⁉⁋⁎⁏⁑⁒⁗℗",
            "−∓∞☀☁☈Є☲☵☽♀♂⚥♠♣♥",
            "♦♩♪♫♬♭♮♯⚀⚁⚂⚃⚄⚅⚠⚡",
            "⛏✔❄❌❤⭐⸘⸮⸵⸸⹁⹋⥝ᘔƐ߈",
            "ϛㄥⱯᗺƆᗡƎℲ⅁ꞰꞀԀꝹᴚ⟘∩",
            "Ʌ⅄ɐɔǝɟᵷɥᴉɾʞꞁɯɹʇʌ",
            "ʍʎԱԲԳԴԶԷԹԺԻԼԽԾԿՀ",
            "ՁՂՃՄՅՆՇՈՉՋՌՍՎՏՐՑ",
            "ՒՓՔՕՖՙաբգդեզէըթժ",
            "իլխծկհձղճմյնշոչպ",
            "ջռսվտրցւփքօֆևשתԸ",
            "՚՛՜՝՞՟ՠֈ֏¯ſƷʒǷƿȜ",
            "ȝȤȥ˙Ꝛꝛ‑⅋⏏⏩⏪⏭⏮⏯⏴⏵",
            "⏶⏷⏸⏹⏺⏻⏼⏽⭘▲▶▼◀●◦◘",
            "⚓⛨ĲĳǉꜨꜩꜹꜻﬀﬁﬂﬃﬅ�Ե",
            "Պᚠᚢᚣᚤᚥᚦᚧᚨᚩᚪᚫᚬᚭᚮᚯ",
            "ᚰᚱᚲᚳᚴᚶᚷᚸᚹᚺᚻᚼᚽᚾᚿᛀ",
            "ᛁᛂᛃᛄᛅᛆᛇᛈᛉᛊᛋᛌᛍᛎᛏᛐ",
            "ᛑᛒᛓᛔᛕᛖᛗᛘᛙᛚᛛᛜᛝᛞᛟᛠ",
            "ᛡᛢᛣᛤᛥᛦᛧᛨᛩᛪ᛫᛬᛭ᛮᛯᛰ",
            "ᛱᛲᛳᛴᛵᛶᛷᛸ☺☻¦☹ך׳״װ",
            "ױײ־׃׆\u0000\u0000\u0000\u0000\u0000\u0000\u0000\u0000\u0000\u0000\u0000"
         ]
      },
      {
         "type":"bitmap",
         "file":"minecraft:font/accented.png",
         "height":12,
         "ascent":10,
         "chars":[
            "ÀÁÂÃÄÅÆÇÈÉÊËÌÍÎÏ",
            "ÐÑÒÓÔÕÖÙÚÛÜÝàáâã",
            "äåæçìíîïñòóôõöùú",
            "ûüýÿĀāĂăĄąĆćĈĉĊċ",
            "ČčĎďĐđĒēĔĕĖėĘęĚě",
            "ĜĝḠḡĞğĠġĢģĤĥĦħĨĩ",
            "ĪīĬĭĮįİıĴĵĶķĹĺĻļ",
            "ĽľĿŀŁłŃńŅņŇňŊŋŌō",
            "ŎŏŐőŒœŔŕŖŗŘřŚśŜŝ",
            "ŞşŠšŢţŤťŦŧŨũŪūŬŭ",
            "ŮůŰűŲųŴŵŶŷŸŹźŻżŽ",
            "žǼǽǾǿȘșȚțΆΈΉΊΌΎΏ",
            "ΐΪΫάέήίΰϊϋόύώЀЁЃ",
            "ЇЌЍЎЙйѐёђѓїћќѝўџ",
            "ҐґḂḃḊḋḞḟḢḣḰḱṀṁṖṗ",
            "ṠṡṪṫẀẁẂẃẄẅỲỳèéêë",
            "ŉǧǫЏḍḥṛṭẒỊịỌọỤụ№",
            "ȇƔɣʃ⁇ǱǲǳǄǅǆǇǈǊǋǌ",
            "ℹᵫꜲꜳꜴꜵꜶꜷꜸꜺꜼꜽꝎꝏꝠꝡ",
            "ﬄﬆᚡᚵƠơƯưẮắẤấẾếốỚ",
            "ớỨứẰằẦầỀềồỜờỪừẢả",
            "ẲẳẨẩẺẻổỞỂểỈỉỎỏỔở",
            "ỦủỬửỶỷẠạẶặẬậẸẹỆệ",
            "ỘộỢợỰựỴỵỐƕẪẫỖỗữ☞",
            "☜☮ẴẵẼẽỄễỒỠỡỮỸỹҘҙ",
            "ҠҡҪҫǶ\u0000\u0000\u0000\u0000\u0000\u0000\u0000\u0000\u0000\u0000\u0000"
         ]
      },
      {
         "type":"bitmap",
         "file":"minecraft:font/ascii.png",
         "ascent":7,
         "chars":[
            "ÀÁÂÈÊËÍÓÔÕÚßãõğİ",
            "ıŒœŞşŴŵžȇ\u0000\u0000\u0000\u0000\u0000\u0000\u0000",
            " !\"#$%&'()*+,-./",
            "0123456789:;<=>?",
            "@ABCDEFGHIJKLMNO",
            "PQRSTUVWXYZ[\\]^_",
            "`abcdefghijklmno",
            "pqrstuvwxyz{|}~\u0000",
            "ÇüéâäàåçêëèïîìÄÅ",
            "ÉæÆôöòûùÿÖÜø£Ø×ƒ",
            "áíóúñÑªº¿®¬½¼¡«»",
            "░▒▓│┤╡╢╖╕╣║╗╝╜╛┐",
            "└┴┬├─┼╞╟╚╔╩╦╠═╬╧",
            "╨╤╥╙╘╒╓╫╪┘┌█▄▌▐▀",
            "αβΓπΣσμτΦΘΩδ∞∅∈∩",
            "≡±≥≤⌠⌡÷≈°∙·√ⁿ²■\u0000"
         ]
      },
      {
         "file": "offsets:space_nosplit.png",
         "ascent": -32768,
         "type": "bitmap",
         "chars": [
            "口"
         ],
         "height": -10
      },
      {
         "file": "offsets:space_split.png",
         "ascent": -32768,
         "type": "bitmap",
         "chars": [
            "回"
         ],
         "height": -179
      },
      {
         "file": "offsets:space_split.png",
         "ascent": -32768,
         "type": "bitmap",
         "chars": [
            "品"
         ],
         "height": -65
      },
      {
         "file": "offsets:space_split.png",
         "ascent": -32768,
         "type": "bitmap",
         "chars": [
            "唱"
         ],
         "height": -7
      },
      {
         "type":"bitmap",
         "file":"offsets:space_split.png",
         "ascent":-32768,
         "chars":[
            "ꈈ"
         ],
         "height":-9
      },

      {
         "type":"bitmap",
         "file":"minecraft:font/ranks/helper.png",
         "ascent":7,
         "height":7,
         "chars":[
            "识"
         ]
      },
      {
         "type":"bitmap",
         "file":"minecraft:font/ranks/mod.png",
         "ascent":7,
         "height":7,
         "chars":[
            "课"
         ]
      },
      {
         "type":"bitmap",
         "file":"minecraft:font/ranks/srmod.png",
         "ascent":7,
         "height":7,
         "chars":[
            "讨"
         ]
      },
      {
         "type":"bitmap",
         "file":"minecraft:font/ranks/admin.png",
         "ascent":7,
         "height":7,
         "chars":[
            "论"
         ]
      },
      {
         "type":"bitmap",
         "file":"minecraft:font/ranks/manager.png",
         "ascent":7,
         "height":7,
         "chars":[
            "吗"
         ]
      },
      {
         "type":"bitmap",
         "file":"minecraft:font/ranks/owner.png",
         "ascent":7,
         "height":7,
         "chars":[
            "哈"
         ]
      },
      {
         "type":"bitmap",
         "file":"minecraft:font/ranks/member.png",
         "ascent":7,
         "height":7,
         "chars":[
            "吧"
         ]
      },
      {
         "type":"bitmap",
         "file":"minecraft:font/ranks/explorer.png",
         "ascent":7,
         "height":7,
         "chars":[
            "呢"
         ]
      },
      {
         "type":"bitmap",
         "file":"minecraft:font/ranks/pilot.png",
         "ascent":7,
         "height":7,
         "chars":[
            "叫"
         ]
      },
      {
         "type":"bitmap",
         "file":"minecraft:font/ranks/astronaut.png",
         "ascent":7,
         "height":7,
         "chars":[
            "告"
         ]
      },
      {
         "type":"bitmap",
         "file":"minecraft:font/ranks/voyager.png",
         "ascent":7,
         "height":7,
         "chars":[
            "吃"
         ]
      },
      {
         "type":"bitmap",
         "file":"minecraft:font/ranks/martian.png",
         "ascent":7,
         "height":7,
         "chars":[
            "吹"
         ]
      },
      {
         "type":"bitmap",
         "file":"minecraft:font/rarities/common.png",
         "ascent":7,
         "height":7,
         "chars":[
            "讲"
         ]
      },
      {
         "type":"bitmap",
         "file":"minecraft:font/rarities/uncommon.png",
         "ascent":7,
         "height":7,
         "chars":[
            "说"
         ]
      },
      {
         "type":"bitmap",
         "file":"minecraft:font/rarities/rare.png",
         "ascent":7,
         "height":7,
         "chars":[
            "谈"
         ]
      },
      {
         "type":"bitmap",
         "file":"minecraft:font/rarities/epic.png",
         "ascent":7,
         "height":7,
         "chars":[
            "让"
         ]
      },
      {
         "type":"bitmap",
         "file":"minecraft:font/rarities/legendary.png",
         "ascent":7,
         "height":7,
         "chars":[
            "试"
         ]
      },
      {
         "type":"bitmap",
         "file":"minecraft:font/rarities/unique.png",
         "ascent":7,
         "height":7,
         "chars":[
            "词"
         ]
      },
      {
         "type":"bitmap",
         "file":"minecraft:font/rarities/admin.png",
         "ascent":7,
         "height":7,
         "chars":[
            "诗"
         ]
      },
      {
         "type":"bitmap",
         "file":"minecraft:font/ranks/staff.png",
         "ascent":7,
         "chars":[
            "认"
         ]
      },
      {
         "type":"legacy_unicode",
         "sizes":"minecraft:font/glyph_sizes.bin",
         "template":"minecraft:font/unicode_page_%s.png"
      }
   ]
}
